title,link
Text of PM's remarks at the India-Bangladesh virtual bilateral summit,https://www.narendramodi.in/text-of-prime-minister-narendra-modi-s-remarks-at-the-india-bangladesh-virtual-bilateral-summit
One has to keep up with the changing times and embrace global best practices: PM,https://www.narendramodi.in/prime-minister-narendra-modis-address-at-foundation-stone-laying-ceremony-of-several-development-projects-in-kutch-gujarat
India is not only on track to achieve its Paris Agreement targets but to exceed them beyond expectations: PM,https://www.narendramodi.in/text-of-prime-minister-s-message-at-climate-ambition-summit
Indian economy is recovering at a swift pace and economic indicators are encouraging: PM Modi,https://www.narendramodi.in/text-of-prime-minister-narendra-modi-s-address-at-the-93rd-annual-general-meeting-of-ficci
Govt’s women led empowerment policies are tribute to the vision of Subramanya Bharathi: PM,https://www.narendramodi.in/text-of-prime-minister-narendra-modis-address-at-international-bharati-festival-2020
PM's opening remarks in the India-Uzbekistan virtual summit,https://www.narendramodi.in/pm-s-opening-remarks-in-the-india-uzbekistan-virtual-summit
New Parliament will fulfill aspirations of 21st century India: PM Modi,https://www.narendramodi.in/text-of-pms-address-at-the-laying-of-foundation-stone-of-new-parliament-building
"The digital potential of our nation is unparalleled, perhaps even in the history of mankind: PM",https://www.narendramodi.in/text-of-prime-minister-narendra-modi-s-address-to-indian-mobile-congress
Better connectivity benefits tourism sector the most: PM Modi,https://www.narendramodi.in/text-of-prime-minister-narendra-modi-s-address-on-inauguration-of-construction-work-of-the-agra-metro-project
Pan IIT movement can help realise dream of Aatmanirbhar Bharat: PM Modi,https://www.narendramodi.in/text-of-prime-minister-narendra-modis-keynote-address-at-pan-iit-global-summit
Vaccination campaign will kickstart in India as soon as the vaccine is approved by the scientists: PM,https://www.narendramodi.in/text-of-pm-s-closing-remarks-at-all-party-meeting
"When good deeds are done with the right spirit, they are accomplished in spite of opposition: PM",https://www.narendramodi.in/text-of-pm-s-address-at-dev-deepawali-mahotsav-in-varanasi-uttar-pradesh
Work is being done with intentions as pure as Gangajal: PM Modi,https://www.narendramodi.in/text-of-prime-minister-narendra-modi-s-address-at-the-inauguration-of-six-lane-widening-project-of-the-varanasi-prayagraj-section-of-nh-19
Influence of Guru Nanak Dev Ji is distinctly visible all over the world: PM Modi during Mann Ki Baat,https://www.narendramodi.in/prime-minister-narendra-modi-s-mann-ki-baat-with-the-nation-november-2020
India has Demonstrated that Sound Environmental Policies Can also be Sound Economics: PM,https://www.narendramodi.in/text-of-pm-s-address-at-the-3rd-re-invest-2020
The strength of our Constitution helps us in the time of difficulties: PM Modi,https://www.narendramodi.in/text-of-prime-minister-narendra-modi-s-address-at-concluding-session-of-80th-all-india-presiding-officers-conference
Positivity in thinking and possibilities in approach should always be kept alive: PM Modi,https://www.narendramodi.in/text-to-prime-minister-narendra-modis-address-at-the-centennial-foundation-day-celebration-of-university-of-lucknow
It will be ensured that the vaccine for citizens will meet all necessary scientific criteria: PM Modi,https://www.narendramodi.in/text-of-pm-s-closing-remarks-at-virtual-meeting-with-chief-ministers-on-covid-19
All MPs have taken care of both the products and the process in the productivity of Parliament: PM,https://www.narendramodi.in/text-of-pm-s-speech-at-inauguration-of-multi-storeyed-flats-for-mps-via-video-conferencing
"Climate change must be fought not in silos but in an integrated, comprehensive and holistic way: PM",https://www.narendramodi.in/text-of-prime-minister-narendra-modi-s-address-at-the-g-20-summit
Access to piped drinking water would improve the health of poor families: PM Modi,https://www.narendramodi.in/text-of-pm-s-address-at-foundation-stone-laying-ceremony-of-rural-drinking-water-supply-projects-in-uttar-pradesh
There is no such thing as 'cannot happen': PM Modi at 8th Convocation ceremony of PDPU,https://www.narendramodi.in/text-of-pm-s-address-on-8th-convocation-ceremony-of-pandit-deendayal-petroleum-university
Prime Minister’s statement at the virtual launch of RuPay card phase two in Bhutan,https://www.narendramodi.in/prime-minister-narendra-modi-s-statement-at-the-virtual-launch-of-rupay-card-phase-two-in-bhutan
There is immense scope to further economic ties between India and Luxembourg: PM Modi,https://www.narendramodi.in/text-of-prime-minister-s-opening-remarks-at-the-india-luxembourg-virtual-bilateral-summit
"In the Information era, first-mover does not matter, the best-mover does: PM Modi",https://www.narendramodi.in/text-of-prime-minister-narendra-modi-s-address-at-bengaluru-tech-summit
India has exciting opportunities: PM Modi at Bloomberg New Economic Forum,https://www.narendramodi.in/text-of-pm-s-address-at-3rd-annual-bloomberg-new-economy-forum-on-17th-november-2020
Finalisation of the BRICS Counter Terrorism Strategy an important achievement: PM,https://www.narendramodi.in/text-of-prime-minister-narendra-modi-s-intervention-during-12th-brics-virtual-summit
There is a need to ensure that countries supporting and assisting terrorists are held guilty: PM Modi,https://www.narendramodi.in/text-of-prime-minister-narendra-modi-s-opening-remarks-at-virtual-brics-summit-2020
PM Modi requests spiritual leaders to promote Aatmanirbhar Bharat by going vocal for local,https://www.narendramodi.in/text-of-pm-s-address-during-unveiling-of-‘statue-of-peace-to-mark-151st-birth-anniversary-celebrations-of-jainacharya-shree-vijay-vallabh-surishwer-ji-maharaj
"If anyone casts an evil eye on India, its soldiers are capable of giving a befitting reply: PM",https://www.narendramodi.in/text-of-pm-s-address-to-air-force-personnel-at-jaisalmer
My Diwali is not complete without being with the soldiers: PM at Longewala,https://www.narendramodi.in/text-to-prime-minister-narendra-modi-s-address-at-the-celebration-of-diwali-with-soldiers-of-indian-armed-forces-at-longewala-in-jaisalmer
Corona period has pushed use and research in Ayurveda products: PM Modi,https://www.narendramodi.in/text-of-prime-minister-narendra-modi-s-address-at-the-inauguration-of-two-future-ready-ayurveda-institutions-at-jamnagar-and-jaipur
Ideology should never be put before national interest: PM Modi,https://www.narendramodi.in/text-of-pm-s-address-during-unveiling-of-statue-of-swami-vivekananda-at-jawaharlal-nehru-university-campus-new-delhi
ASEAN is the centre of our Act East Policy: PM Modi,https://www.narendramodi.in/english-translation-of-prime-minister-s-remarks-at-17th-india-asean-virtual-summit
Good governance is the hallmark of BJP: PM Modi,https://www.narendramodi.in/text-of-pm-modi-s-speech-at-bjp-headquarters-delhi-november-2020
India is moving from 'tax terrorism' to'tax transparency': PM Modi,https://www.narendramodi.in/text-of-prime-minister-narendra-modi-s-address-at-the-inauguration-of-the-state-of-the-art-office-cum-residential-complex-of-income-tax-appellate-tribunal-itat-at-cuttack
Prime Minister’s remarks at Shanghai Cooperation Organisation (SCO) Summit 2020,https://www.narendramodi.in/prime-minister-s-remarks-at-shanghai-cooperation-organisation-sco-summit-2020
All-round development in Varanasi is benefiting the entire eastern India: PM Modi,https://www.narendramodi.in/text-of-prime-minister-narendra-modi-s-address-at-foundation-stone-laying-ceremony-of-various-development-projects-in-varanasi
Ro-Pax service will decrease transportation costs and enhance ease of doing business: PM Modi,https://www.narendramodi.in/text-of-prime-minister-narendra-modi-s-address-at-inauguration-of-ro-pax-terminal-at-hazira
"India is committed to provide 'ease of doing business' to its youth, so they can focus on bringing ‘ease of living’ to the countrymen: PM",https://www.narendramodi.in/text-of-prime-minister-narendra-modi-s-address-at-the-convocation-ceremony-of-iit-delhi
Address by the Prime Minister at the India-Italy Virtual Bilateral Summit,https://www.narendramodi.in/address-by-the-prime-minister-at-the-india-italy-virtual-bilateral-summit
"If you want returns with reliability, India is the place to be: PM Modi",https://www.narendramodi.in/text-of-prime-minister-narendra-modi-s-address-at-the-virtual-global-investor-roundtable
Proponents of 'jungle raj' do not want people of Bihar to chant 'Bharat Mata Ki Jai': PM Modi,https://www.narendramodi.in/text-of-prime-minister-narendra-modi-s-address-at-public-meeting-in-saharsa
The voters in Bihar have rejected jungle raj and double-double Yuvraaj: PM Modi,https://www.narendramodi.in/text-of-prime-minister-narendra-modi-s-address-at-public-meeting-in-araria
People of Bihar have decided that there will be no entry for Jungle Raj: PM Modi,https://www.narendramodi.in/text-of-pm-modi-s-speech-at-public-meeting-in-bagaha-bihar
"On one side, NDA is committed to democracy, and on the other side is 'parivar tantra gathbandhan': PM",https://www.narendramodi.in/text-s-of-prime-minister-narendra-modi-s-speech-at-public-meeting-in-samastipur
Jungle Raj made sure all the industries and sugar mills which were the hallmark of Bihar were shut down: PM,https://www.narendramodi.in/text-s-of-prime-minister-narendra-modi-s-speech-at-public-meeting-in-motihari-bihar
"NDA will defeat ""double-double yuvraj"" in Bihar: PM Modi",https://www.narendramodi.in/text-s-of-pm-modi-s-speech-at-public-meeting-in-chhapra
Serving the citizens of the country is the highest duty of a civil servant: PM,https://www.narendramodi.in/text-of-prime-minister-narendra-modi-s-interaction-with-civil-services-probationers-at-aarambh-2020
130 crore Indians working for a strong Aatmanirbhar Bharat: PM Modi,https://www.narendramodi.in/text-of-pm-s-address-at-rashtriya-ekta-diwas-parade-in-kevadia-gujarat
Keshubhai Patel's ideals of 'Rashtrabhakti' & 'Jan Bhakti' will inspire generations: PM Modi,https://www.narendramodi.in/text-of-prime-minister-narendra-modis-message-on-the-demise-of-shri-keshubhai-patel
"To save Bihar and make it a better state, vote for NDA: PM Modi in Patna",https://www.narendramodi.in/text-s-of-pm-modi-s-speech-at-public-meeting-in-patna
Bihar will face double whammy if proponents of 'jungle raj' return to power during pandemic: PM Modi in Muzzafarpur,https://www.narendramodi.in/text-s-of-pm-modi-s-speech-at-public-meeting-in-muzaffarpur
'Aatmanirbhar Bihar' is the next vision in development of Bihar: PM Modi in Darbhanga,https://www.narendramodi.in/text-of-pm-modi-s-speech-at-public-meeting-in-darbhanga
PM’s inaugural address at the National Conference on Vigilance and Anti-Corruption,https://www.narendramodi.in/prime-minister-narendra-modis-inaugural-address-at-the-national-conference-on-vigilance-and-anti-corruption
For the first time since independence street vendors are getting affordable loans: PM,https://www.narendramodi.in/text-of-pm-s-address-at-the-interaction-with-pm-svanidhi-scheme-beneficiaries-of-uttar-pradesh
India's energy plan aims to ensure energy justice: PM Modi,https://www.narendramodi.in/prime-minister-narendra-modis-address-at-the-inauguration-of-india-energy-forum
Kisan Suryodaya Yojana will be a new dawn for farmers in Gujarat: PM Modi,https://www.narendramodi.in/text-of-prime-minister-narendra-modi-s-address-at-the-inauguration-of-three-key-projects-in-gujarat-via-video-conferencing
Time of 'lantern' is gone now: PM Modi in Bhagalpur,https://www.narendramodi.in/text-of-pm-modi-s-speech-at-public-rally-in-bhagalpur-bihar
"Mandi and MSP are excuses, the opposition wants to save the brokers and middlemen: PM Modi in Gaya",https://www.narendramodi.in/text-of-pm-modi-s-speech-at-public-rally-in-gaya-bihar
Voters of Bihar have taken a resolve that they won't let those who have a history of making the state 'Bimaru' come near them: PM Modi in Sasaram,https://www.narendramodi.in/text-of-pm-modi-s-speech-at-public-meeting-in-sasaram-bihar
West Bengal will play a significant role in ‘Purvodaya’: PM Modi,https://www.narendramodi.in/text-of-pm-modi-s-speech-at-inauguration-of-durga-puja-pandal-in-west-bengal
"Till there’s a vaccine, we cannot weaken our fight against Coronavirus: PM Modi",https://www.narendramodi.in/prime-minister-narendra-modis-address-to-the-nation
The future will be shaped by societies that invest in science and innovation: PM Modi,https://www.narendramodi.in/text-of-pm-s-keynote-address-at-grand-challenges-annual-meeting-2020
"Skilling, re-skilling and upskilling is the need of the hour: PM Modi",https://www.narendramodi.in/text-of-pm-s-address-at-the-centenary-convocation-of-university-of-mysore-via-video-conferencing
"Once farmers of India become strong & their incomes increase, the mission against malnutrition will also garner strength: PM Modi",https://www.narendramodi.in/text-of-pm-s-address-at-the-release-of-commemorative-coin-to-mark-75-years-of-food-and-agriculture-organisation
"Balasaheb Vikhe Patil Ji's work for the progress of poor, efforts towards education in Maharashtra will inspire generations to come: PM",https://www.narendramodi.in/text-of-pm-s-address-at-the-release-of-autobiography-of-dr-balasaheb-vikhe-patil
"For Rajmata Scindia, public service was above everything else: PM Modi",https://www.narendramodi.in/text-of-prime-minister-narendra-modi-s-address-at-the-release-of-coin-to-commemorate-birth-centenary-of-rajmata-vijaya-raje-scindia
SVAMITVA Scheme helps in making rural India self-reliant: PM Modi,https://www.narendramodi.in/text-of-pm-s-address-at-the-launch-of-physical-distribution-of-property-cards-under-the-svamitva-scheme
Prime Minister’s key note address at Invest India Confernce in Canada,https://www.narendramodi.in/prime-minister-narendra-modis-key-note-address-at-invest-india-confernce-in-canada
We want India to become a global hub for Artificial Intelligence: PM Modi,https://www.narendramodi.in/text-of-pm-s-address-at-the-inauguration-of-responsible-ai-for-social-empowerment-2020-summit
"In all of India's textile traditions, there is colour, vibrancy and eye for detail: PM Modi",https://www.narendramodi.in/prime-minister-narendra-modi-message-on-indian-textile-traditions-at-webinar-organised-by-iccr-and-upid
Those who are against recent agriculture reforms always worked for their own political interests: PM Modi,https://www.narendramodi.in/prime-minister-narendra-modis-address-at-public-meeting-at-solang-valley-in-himachal-pradesh
"Policies now are not made on the basis of the number of votes, but the endeavour is to ensure that no Indian is left behind: PM",https://www.narendramodi.in/text-of-prime-minister-narendra-modi-s-address-at-‘abhar-samaroh-at-sissu-in-lahaul-spiti
Atal Tunnel will strengthen India's border infrastructure: PM Modi,https://www.narendramodi.in/text-of-prime-minister-narendra-modi-s-address-at-the-inauguration-of-atal-tunnel-in-rohtang-himachal-pradesh
"Those who ruled the country for decades have never cared about empowering the youth, farmers & women: PM",https://www.narendramodi.in/text-of-pm-s-address-at-inauguration-of-six-mega-projects-under-namami-gange-in-uttarakhand
Opening remarks by Prime Minister during the India - Denmark Virtual Bilateral Summit,https://www.narendramodi.in/prime-minister-narendra-modi-denmark-pm-hold-virtual-bilateral-meeting
"Agriculture sector, our farmers, our villages are the foundation of Aatmanirbhar Bharat: PM Modi during Mann Ki Baat",https://www.narendramodi.in/agriculture-sector-our-farmers-our-villages-are-the-foundation-of-aatmanirbhar-bharat-pm-modi-during-mann-ki-baat
"Reform in the responses, processes, character of the United Nations is the need of the hour: PM Modi",https://www.narendramodi.in/prime-minister-narendra-modi-addresses-the-united-nations-general-assembly
Opening remarks by Prime Minister during the India - Sri Lanka Virtual Bilateral Summit,https://www.narendramodi.in/prime-minister-narendra-modi-sri-lankan-pm-rajapaksa-hold-virtual-bilateral-meeting
Farm bills will benefit the small and marginal farmers the most: PM Modi,https://www.narendramodi.in/prime-minister-narendra-modi-s-text-of-speech-during-interaction-with-bjp-karyakartas-on-pt-deen-dayal-upadhyaya-ji-s-jayanti-
Awareness and enthusiasm about health & fitness is constantly expanding in the country: PM Modi,https://www.narendramodi.in/text-of-prime-minister-narendra-modi-s-address-at-fit-india-dialogue-on-the-first-anniversary-of-fit-india-movement
"Country needs to not only keep fighting the virus, but also move ahead boldly on the economic front: PM",https://www.narendramodi.in/prime-minister-narendra-modi-reviews-status-and-preparedness-of-covid-response-and-management-in-7-states
NEP 2020 will establish India as a major global education destination: PM Modi,https://www.narendramodi.in/text-of-prime-minister-narendra-modi-s-address-at-the-convocation-of-iit-guwahati
"Without comprehensive reforms, the UN faces a crisis of confidence: PM Modi",https://www.narendramodi.in/prime-minister-narendra-modi-s-address-to-the-united-nations-general-assembly-22-sep
"New farm bills passed are ""historic and necessary"" for the country to move forward: PM Modi",https://www.narendramodi.in/text-of-prime-minister-narendra-modi-s-address-at-the-launch-of-infrastructure-projects-in-bihar
"In the last 6 years, efforts have been made to shape Indian Railways as per the aspirations of new India: PM",https://www.narendramodi.in/text-of-prime-minister-narendra-modi-s-address-at-the-dedication-of-kosi-rail-mega-bridge-to-the-nation
"Cities should be such that everyone, especially our youth, get new and limitless possibilities to move forward: PM Modi",https://www.narendramodi.in/text-of-prime-minister-narendra-modi-s-address-at-the-launch-of-multiple-development-projects-in-bihar
PM's remarks on election of Shri Harivansh Narayan Singh as Deputy Chairman of Rajya Sabha,https://www.narendramodi.in/pm-modi-s-remarks-in-rajya-sabha-on-election-of-shri-harivansh-narayan-singh-as-deputy-chairman
"Important decisions will be taken during this session, various topics will be discussed: PM at the start of Monsoon Session",https://www.narendramodi.in/text-of-prime-minister-narendra-modi-s-remarks-at-the-start-of-monsoon-session-of-parliament
"New India and new Bihar believes in fast-paced development, says PM Modi",https://www.narendramodi.in/text-of-prime-minister-narendra-modi-s-address-at-the-inauguration-of-three-key-projects-related-to-the-petroleum-sector-in-bihar
Awaas Yojana not only ensures home to the rural poor but also gives them confidence: PM Modi,https://www.narendramodi.in/text-of-prime-minister-narendra-modi-s-address-at-grih-pravesham-and-inauguration-of-1-75-lakh-houses-built-under-pradhan-mantri-awaas-yojana-gramin-at-madhya-pradesh
National Education Policy will give a new direction to 21st century India: PM Modi,https://www.narendramodi.in/text-of-prime-minister-narendra-modi-s-address-at-conclave-on-school-education-in-21st-century-under-nep-2020
Fisheries sector will benefit largely from Pradhan Mantri Matsya Sampada Yojana: PM Modi,https://www.narendramodi.in/text-of-prime-minister-narendra-modi-s-address-at-the-launch-of-pradhan-mantri-matsya-sampada-yojana
PM SVANidhi scheme is aimed at helping the pandemic impacted street vendors restart their livelihood: PM Modi,https://www.narendramodi.in/text-of-prime-minister-narendra-modi-s-interaction-with-street-vendors-from-madhya-pradesh
"Our learning process continues throughout our life, every day: PM Modi",https://www.narendramodi.in/prime-minister-narendra-modi-s-speech-at-inauguration-of-patrika-gate-in-jaipur-via-video-conferencing
"National Education Policy stresses on passion, practicality and performance: PM Modi",https://www.narendramodi.in/text-of-prime-minister-narendra-modi-s-address-at-the-inaugural-session-of-the-governors-conference-on-nep-2020
Human face of 'Khaki' engraved in public memory due to good work done by police during this COVID-19 pandemic: PM,https://www.narendramodi.in/text-of-pm-s-address-at-dikshant-parade-of-ips-probationers-through-video-conference
'Aatmanirbhar Bharat’ merges the local with the global: PM Modi,https://www.narendramodi.in/text-of-prime-minister-narendra-modi-s-special-key-note-address-at-us-ispf-us-india-summit-2020
Let the games begin: PM Modi's self-reliance push for toys sector during Mann Ki Baat,https://www.narendramodi.in/prime-minister-narendra-modi-s-mann-ki-baat-with-the-nation-august-2020
"Mantra of 'Jai Jawan, Jai Kisan and Jai Vigyan' will echo in all four directions in Bundelkhand: PM Modi",https://www.narendramodi.in/text-of-prime-miniser-narendra-modi-s-address-at-inauguration-of-the-college-and-administration-buildings-of-rani-lakshmi-bai-central-agricultural-university-in-jhansi-via-video-conferencing
We aim to increase defence manufacturing in India: PM Modi,https://www.narendramodi.in/pm-s-addresses-at-seminar-on-atmanirbhar-bharat-in-defence-manufacturing
Aatmanirbhar Bharat has become a 'mantra' for the 130 crore Indians today: PM Modi during 74th Independence Day,https://www.narendramodi.in/text-of-prime-minister-shri-narendra-modi-s-address-to-the-nation-from-the-ramparts-of-the-red-fort-on-the-74th-independence-day-august-15-2020
"We are focussing on making tax-paying seamless, painless, faceless: PM Modi",https://www.narendramodi.in/text-of-prime-minister-narendra-modi-s-address-at-the-launch-of-transparent-taxation-honoring-the-honest
Teamwork displayed by Team India has been remarkable: PM Modi at COVID-19 review meeting with State Chief Ministers,https://www.narendramodi.in/text-of-prime-minister-narendra-modi-s-interaction-with-cms-to-discuss-the-current-situation-and-plan-ahead-for-tackling-the-pandemic
Submarine OFC project connecting Andaman-Nicobar to rest of the world is a symbol of our commitment towards ease of living: PM,https://www.narendramodi.in/text-of-prime-minister-narendra-modi-s-address-at-the-inauguration-of-submarine-cable-connectivity-to-andaman-nicobar-islands
Reach of Central Government schemes in Andaman and Nicobar Islands has been very influential: PM Modi,https://www.narendramodi.in/prime-minister-narendra-modi-s-text-of-speech-after-interaction-with-bjp-karyakartas-of-andaman-and-nicobar-islands
PM-KISAN has been successful in its objective to provide financial support to farmers without any involvement of middlemen: PM Modi,https://www.narendramodi.in/text-of-pm-s-address-at-the-launch-of-financing-facility-under-agriculture-infrastructure-fund-via-vc
The whole world is coming forward to adopt the values and principles of Mahatma Gandhi: PM,https://www.narendramodi.in/text-of-prime-minister-narendra-modi-s-address-at-inauguration-of-rashtriya-swachhata-kendra
National Education Policy shifts focus from ‘what to think’ to ‘how to think’: PM Modi,https://www.narendramodi.in/text-of-prime-minister-narendra-modi-s-speech-at-higher-education-conclave
Ram belongs to everyone; Ram is within everyone: PM Modi in Ayodhya,https://www.narendramodi.in/text-of-prime-minister-narendra-modi-s-speech-at-bhoomi-pujan-ceremony-of-shree-ram-janmabhoomi-mandir-in-ayodhya-uttar-pradesh
PM Modi addresses Smart India Hackathon via video conferencing,https://www.narendramodi.in/pm-modi-addresses-smart-india-hackathon-via-video-conferencing
"India is making development partnerships that are marked by respect, diversity, care for the future & sustainable development: PM",https://www.narendramodi.in/text-of-prime-minister-narendra-modi-s-address-at-the-inauguration-of-the-new-supreme-court-building-in-mauritius-
PM Modi's message at International Thermonuclear Experimental Reactor at the start of ITER Assembly,https://www.narendramodi.in/pm-s-speech-at-international-thermonuclear-experimental-reactor-iter-at-the-start-of-iter-assembly
"Wearing masks, social distancing and hand sanitization only way to defeat Coronavirus: PM Modi",https://www.narendramodi.in/prime-minister-narendra-modis-address-at-the-launch-of-high-throughput-covid-19-testing-facilities-at-3-icmr-labs
"During Kargil War, Indian Army showed its might to the world: PM Modi during Mann Ki Baat",https://www.narendramodi.in/prime-minister-narendra-modi-s-mann-ki-baat-with-nation-july-2020
Northeast has potential to become India's growth engine: PM Modi,https://www.narendramodi.in/text-of-pm-s-address-at-laying-of-foundation-stone-of-manipur-water-supply-project
There has never been a better time to invest in India: PM Modi,https://www.narendramodi.in/prime-minister-narendra-modi-s-address-at-india-ideas-summit-2020
India firmly believes that path to achieve sustainable peace & prosperity is through multilateralism: PM,https://www.narendramodi.in/pm-s-address-in-ecosoc-commemoration-of-uns-75th-anniversary
15th India-EU (Virtual) Summit: Opening Remarks By Prime Minister Sh. Narendra Modi,https://www.narendramodi.in/15th-india-eu-virtual-summit-opening-remarks-by-prime-minister-sh-narendra-modi
"Skill, reskill and upskill in order to remain relevant in the rapidly changing environment: PM",https://www.narendramodi.in/prime-minister-narendra-modi-s-text-of-speech-on-the-occasion-of-world-youth-skills-day
"Solar energy is pure, sure and secure: PM Modi",https://www.narendramodi.in/text-of-pm-s-address-at-the-dedication-of-750-mw-rewa-solar-project-to-the-nation
Indians have the spirit to achieve what is believed to be impossible: PM Modi,https://www.narendramodi.in/text-of-pm-s-inaugural-address-at-india-global-week-2020
"Efforts are being made to alleviate various hardships being faced by craftsmen, traders and businessmen of Varanasi: PM",https://www.narendramodi.in/text-of-prime-minister-narendra-modi-s-interaction-with-representatives-of-varanasi-based-ngos
"For us, our organisation means service: PM Modi at 'Seva Hi Sangathan' interaction",https://www.narendramodi.in/pm-modi-s-speech-at-bjp-s-seva-hi-sangathan-programme-delhi-via-vc
Lasting solutions can come from the ideals of Lord Buddha: PM Modi,https://www.narendramodi.in/text-of-prime-minister-narendra-modi-s-address-on-the-occasion-of-dharma-chakra-day
PM’s interaction with injured soldiers at Leh Hospital,https://www.narendramodi.in/pm-s-interaction-with-injured-soldiers-at-leh-hospital
"Time for expansionism is over, this is the era of development: PM Modi",https://www.narendramodi.in/pm-s-speech-indian-armed-forces-in-leh-india
Govt is able to provide free food grains to the poor and the needy due to our farmers & taxpayers: PM,https://www.narendramodi.in/text-of-prime-minister-narendra-modi-s-address-to-the-nation
India knows how to befriend as well as to give befitting reply: PM Modi during Mann Ki Baat,https://www.narendramodi.in/prime-minister-narendra-modi-s-mann-ki-baat-with-the-nation-june-2020
Call for self-reliant India will ensure economic strength and prosperity for every Indian: PM Modi,https://www.narendramodi.in/pm-modi-s-text-of-speech-at-the-90th-birthday-celebrations-of-reverend-dr-joseph-mar-thoma-metropolitan
Aatmanirbhar Uttar Pradesh Rojgar Abhiyan will boost local entrepreneurship & provide employment opportunities: PM,https://www.narendramodi.in/text-of-pm-s-address-at-the-launch-of-atma-nirbhar-uttar-pradesh-rojgar-abhiyan-via-video-conferencing
"Yoga does not discriminate as it goes beyond race, colour, gender, faith and nations: PM",https://www.narendramodi.in/text-of-pm-s-address-on-the-occasion-of-international-yoga-day-2020
"For Aatmanirbhar Bharat, it is essential for the farmers to be self-reliant: PM",https://www.narendramodi.in/text-of-prime-minister-narendra-modi-s-address-at-the-launch-of-garib-kalyan-rojgar-abhiyaan
"Acharya Mahapragya Ji gave the mantra of healthy individual, healthy society, healthy economy: PM Modi",https://www.narendramodi.in/text-of-pm-s-address-at-birth-centenary-celebrations-of-acharya-mahapragya
India will overcome the COVID-19 pandemic & the nation will turn this crisis into an opportunity: PM,https://www.narendramodi.in/text-of-pm-s-address-at-virtual-launch-of-auctioning-of-coal-mines-for-commercial-mining
PM's initial remarks in the Virtual Conference with Chief Ministers,https://www.narendramodi.in/prime-minister-narendra-modis-initial-remarks-in-the-virtual-conference-with-chief-ministers
PM’s Opening Remarks during Interaction with Chief Ministers on Covid-19,https://www.narendramodi.in/prime-minister-narendra-modis-opening-remarks-during-interaction-with-chief-ministers-on-covid-19
We've to take Indian economy out of 'command and control' and take it towards 'plug and play': PM,https://www.narendramodi.in/prime-minister-narendra-modi-text-of-speech-annual-plenary-session-of the-ICC-via-video-conferencing
India is committed to strengthening ties with Australia: PM Modi,https://www.narendramodi.in/prime-minister-narendra-modi-s-opening-remarks-at-india-australia-virtual-summit
India will definitely get its growth back: PM Modi at CII Annual Session,https://www.narendramodi.in/prime-minister-narendra-modi-s-text-of-speech-at-cii-annual-session
At the root of India’s brave fight against COVID-19 is the hardwork of medical community & our Corona Warriors: PM,https://www.narendramodi.in/text-of-prime-minister-narendra-modi-s-address-on-the-25th-foundation-day-of-rajiv-gandhi-university-of-health-sciences
The fight against Coronavirus is being fought very strongly due to the collective efforts of everyone: PM Modi during Mann Ki Baat,https://www.narendramodi.in/prime-minister-narendra-modis-mann-ki-baat-with-the-nation-may-2020
Let us resolve to make India self-reliant: PM Modi,https://www.narendramodi.in/english-rendering-of-prime-minister-shri-narendra-modi-s-address-to-the-nation-on-12-5-2020
Buddha is an example that strong will-power can bring a change in society: PM Modi,https://www.narendramodi.in/prime-minister-narendra-modi-s-text-of-speech-on-vesak-global-celebration-on-buddha-purnima
Intervention by the Prime Minister at Video Conference of NAM Contact Group in response to COVID-19,https://www.narendramodi.in/intervention-by-the-prime-minister-narendra-modi-at-video-conference-of-nam-contact-group-in-response-to-covid-19
Fight against Coronavirus has become people-driven: PM Modi during Mann Ki Baat,https://www.narendramodi.in/prime-minister-narendra-modi-s-mann-ki-baat-with-the-nation-april-2020
To become self-reliant and self-sufficient is the biggest lesson learnt from Corona pandemic: PM,https://www.narendramodi.in/pm-modi-s-text-of-speech-via-video-conferencing-on-panchayati-raj-divas
Lockdown in India will be extended till 3rd May: PM Modi,https://www.narendramodi.in/text-of-pm-s-address-to-the-nation
Let us switch off lights at home & light a lamp for 9 minutes at 9 PM on 5th April: PM Modi,https://www.narendramodi.in/text-of-prime-minister-narendra-modi-s-address-to-the-nation-
"Increase social distancing, reduce emotional distancing: PM Modi during Mann Ki Baat",https://www.narendramodi.in/prime-minister-narendra-modi-s-mann-ki-baat-with-the-nation-march-2020
"Mahabharata war took 18 days to conclude, the war against Coronavirus will take 21 days: PM",https://www.narendramodi.in/text-of-prime-minister-narendra-modi-s-interaction-with-the-people-of-varanasi-on-the-menace-of-coronavirus
"From midnight, entire country shall go under complete lockdown: PM Modi",https://www.narendramodi.in/text-of-prime-minister-narendra-modi-s-address-to-the-nation-on-vital-aspects-relating-to-the-menace-of-covid-19
Urge citizens to observe 'Janta Curfew' on 22nd March: PM Modi,https://www.narendramodi.in/text-of-prime-minister-narendra-modi-s-address-to-the-nation-on-combating-covid-19
"In the last few years, India and Bangladesh have written a golden chapter in bilateral ties: PM",https://www.narendramodi.in/prime-minister-narendra-modi-s-video-message-to-bangladesh-on-100th-birth-anniversary-celebrations-of-bangabandhu-sheikh-mujibur-rahman-
PM Modi interacts with beneficiaries of PM Jan Aushadi Pariyojana on Jan Aushadi Diwas,https://www.narendramodi.in/prime-minister-narendra-modi-interacts-with-beneficiaries-of-pm-jan-aushadi-pariyojana-on-jan-aushadi-diwas
India has become an important part of the global economy: PM Modi at ET Global Business Summit,https://www.narendramodi.in/text-of-prime-minister-narendra-modi-s-address-at-economic-times-global-business-summit
Bundelkhand Expressway will enhance connectivity in UP: PM Modi,https://www.narendramodi.in/text-of-prime-minister-narendra-modi-s-address-at-launch-of-various-development-projects-in-chitrakoot-uttar-pradesh
Government committed to ensuring justice for everyone: PM Modi,https://www.narendramodi.in/text-of-prime-minister-narendra-modi-s-address-at-samajik-adhikarita-shivir-in-prayagraj-uttar-pradesh
"PM’s closing remarks at the Namaste Trump event in Ahmedabad, Gujarat",https://www.narendramodi.in/prime-minister-narendra-modi-closing-remarks-at-the-namaste-trump-event-in-ahmedabad-gujarat
"PM’s opening remarks at the Namaste Trump event in Ahmedabad, Gujarat",https://www.narendramodi.in/prime-minister-narendra-modi-s-opening-remarks-at-the-namaste-trump-event-in-ahmedabad-gujarat
Hunar Haat has given wings to the aspirations of artisans: PM Modi during Mann Ki Baat,https://www.narendramodi.in/prime-minister-narendra-modi-s-mann-ki-baat-with-the-nation-february-2020
Khelo India Games have become extremely popular among youth: PM Modi,https://www.narendramodi.in/text-of-prime-minister-narendra-modi-s-speech-at-the-inauguration-of-1st-khelo-india-university-games
The Rule of Law has been a core civilizational value of Indian society since ages: PM Modi,https://www.narendramodi.in/prime-minister-narendra-modi-addresses-international-judicial-conference-2020
"For ages, conservation of wildlife and habitats has been a part of the cultural ethos of India: PM",https://www.narendramodi.in/text-of-prime-minister-narendra-modi-s-address-at-the-inauguration-of-13th-cop-to-the-convention-on-migratory-species-in-gandhinagar-gujarat
This year’s Budget has given utmost thrust to manufacturing and Ease of Doing Business: PM,https://www.narendramodi.in/text-of-prime-minister-narendra-modi-s-speech-at-kashi-ek-roop-anek-event-at-varanasi
"Inspired by Pt. Deendayal Upadhyaya, 21st century India is working for Antyodaya: PM Modi",https://www.narendramodi.in/text-of-prime-minister-narendra-modi-s-speech-during-unveiling-statue-dedicating-to-the-nation-the-deendayal-upadhyay-memorial
"Our conduct as citizens will determine the future of India, it will decide the direction of new India: PM",https://www.narendramodi.in/text-of-prime-minister-narendra-modi-s-address-at-centenary-celebrations-of-shri-jagadguru-vishwaradhya-gurukul-in-varanasi
Our aim to transform India into a tax compliant society: PM Modi,https://www.narendramodi.in/text-of-prime-minister-narendra-modi-s-speech-in-times-now-summit
PM Modi's remarks at joint press meet with PM Rajapaksa of Sri Lanka,https://www.narendramodi.in/prime-minister-narendra-modi-and-prime-minister-rajapaksa-of-sri-lanka-address-joint-press-meet-in-delhi
Bodo Accord will bring progress and prosperity for the community and Assam: PM,https://www.narendramodi.in/text-of-prime-minister-narendra-modi-s-address-at-kokrajhar-in-assam
Our Government has brought new thoughts and new approach to the governance: PM Modi,https://www.narendramodi.in/text-of-prime-minister-narendra-modi-s-reply-to-the-motion-of-thanks-on-the-president-s-address-in-the-rajya-sabha
"Our vision is for greater investment, better infrastructure and maximum job creation: PM Modi",https://www.narendramodi.in/text-of-prime-minister-narendra-modi-s-reply-to-the-motion-of-thanks-on-the-president-s-address-in-the-lok-sabha-06-02-2020
"Together, let us all work in the direction of building a grand Ram Mandir: PM Modi",https://www.narendramodi.in/text-of-prime-minister-narendra-modi-s-address-in-lok-sabha
BJP government has always worked for the betterment of poor and women: PM Modi,https://www.narendramodi.in/prime-minister-s-text-of-speech-at-public-rally-in-dwarka-delhi
Only BJP can take Delhi to heights it deserves: PM Modi,https://www.narendramodi.in/text-of-prime-minister-narendra-modi-s-speech-at-public-meeting-in-shahdara-new-delhi
Budget aims at the economic empowerment of every citizen in the country: PM Modi,https://www.narendramodi.in/text-of-prime-minister-s-statement-after-the-union-budget-2020-21
PM’s remarks at beginning of the Budget Session of Parliament,https://www.narendramodi.in/prime-minister-narendra-modi-s-remarks-at-beginning-of-the-budget-session-of-parliament-2020-31-january
"NCC strengthens the spirit of discipline, determination and devotion towards the nation: PM",https://www.narendramodi.in/text-of-prime-minister-narendra-modim-s-speech-at-national-cadet-corps-rally-new-delhi
Our efforts are on modernizing the agriculture sector by incorporating latest technology: PM Modi,https://www.narendramodi.in/text-of-prime-minister-narendra-modi-s-speech-at-3rd-global-potato-conclave
"Like swachhata, water conservation is witnessing people's participation: PM Modi during Mann Ki Baat",https://www.narendramodi.in/prime-minister-narendra-modi-s-mann-ki-baat-january-26th-2020
PM Modi's remarks at joint press meet with President Bolsonaro of Brazil,https://www.narendramodi.in/pm-modi-and-president-bolsonaro-of-brazil-address-the-joint-press-meet
Our resolve must be to always strengthen India’s unity: PM,https://www.narendramodi.in/text-of-prime-ministers-speech-during-the-at-homewith-tribal-guests-ncc-cadets-nss-volunteers-and-tableaux-artists
I get inspiration from you: PM Modi to winners of Rashtriya Bal Puraskar,https://www.narendramodi.in/speech-of-prime-minister-narendra-modi-s-interaction-with-winners-of-pradhan-mantri-rashtriya-bal-puraskar-2020
India has been playing the role of a trusted partner in Nepal’s all round development: PM,https://www.narendramodi.in/remarks-by-prime-minister-narendra-modi-at-the-remote-inauguration-of-icp-biratnagar-and-witnessing-the-progress-in-housing-reconstruction-project-in-nepal
‘Sangathan and Sangarsh’ are the two pillars on which Bharatiya Janata Party has been built: PM Modi,https://www.narendramodi.in/text-of-pm-s-speech-at-bharatiya-janata-party-headquarters-in-delhi-
Be confident about your preparation: PM Modi to students appearing for exams,https://www.narendramodi.in/text-of-prime minister-narendra-modi-s-interaction-with-students-at-pariksha-pe-charcha-2020
"In a world seeking to break free from mindless hate & violence, the Indian way of life offers rays of hope: PM",https://www.narendramodi.in/text-of-pm-s-speech-at-iim-kozhikode-through-video-conference
"Powered by the talented youth, a New India is taking shape: PM Modi",https://www.narendramodi.in/text-of-pm-s-speech-on-national-youth-day
"Kolkata port represents industrial, spiritual and self-sufficiency aspirations of India: PM",https://www.narendramodi.in/text-of-pm-s-address-at-programme-to-mark-150-years-of-kolkata-port-trust
PM Modi addresses a programme at Belur Math,https://www.narendramodi.in/pm-modi-addresses-a-programme-at-belur-math
We want to make India a hub of heritage tourism: PM Modi,https://www.narendramodi.in/text-of-pm-s-address-at-the-dedication-of-four-refurbished-heritage-buildings-in-kolkata-to-the-nation
"'Reform with intent, Perform with integrity, Transform with intensity’, says PM",https://www.narendramodi.in/text-of-pm-s-speech-at-the-centenary-celebrations-of-kirloskar-group
The growth story of India depends on its achievements in the Science & Technology sector: PM,https://www.narendramodi.in/text-of-pm-s-address-at-the-inauguration-of-107th-indian-science-congress
Govt willing to walk the extra mile with the scientific community: PM Modi,https://www.narendramodi.in/text-of-pm-s-speech-attends-a-programme-by-drdo-in-karnataka
Our Government has always given priority towards welfare of farmers: PM Modi,https://www.narendramodi.in/text-of-pm-s-speech-at-krishi-karman-awards-programme-in-karnataka
India has entered the third decade of the 21st century with new energy and enthusiasm: PM Modi,https://www.narendramodi.in/text-of-pm-s-speech-in-shri-siddhaganga-mutt
Youth of India will take the country to new heights in the next decade: PM during Mann Ki Baat,https://www.narendramodi.in/pm-modi-s-mann-ki-baat-december-29-2019
"In addition to rights, we must give as much importance to our duties as citizens: PM",https://www.narendramodi.in/text-of-pm-s-address-at-the-foundation-stone-laying-ceremony-of-ab-vajpayee-medical-university-in-lucknow
 New India has to prepare to deal with every situation of water crisis: PM Modi,https://www.narendramodi.in/text-of-pm-s-address-at-the-launch-of-atal-jal-yojna
"CAA gives citizenship, doesn't snatch it: PM Modi",https://www.narendramodi.in/pm-modi-s-text-of-speech-in-delhi-s-ramlila-maidan
We are focusing on formalization and modernization of Indian economy: PM Modi,https://www.narendramodi.in/text-of-pm-s-address-at-the-inaugural-session-of-hundred-years-of-assocham
No Indian citizen will be affected by citizenship law: PM Modi ,https://www.narendramodi.in/pm-modi-s-text-of-speech-at-barhait-in-jharkhand
"Congress, allies have raised storm over citizenship law, they are behind unrest & arson: PM in Dumka",https://www.narendramodi.in/pm-modi-s-text-of-speech-at-dumka-in-jharkhand-s-
BJP always delivers on its promises: PM Modi in Dhanbad,https://www.narendramodi.in/text-of-pm-modi-s-speech-at-public-meeting-in-dhanbad-jharkhand
"For vote bank politics, Congress kept delaying resolution of Ayodhya dispute: PM Modi in Barhi, Jharkhand",https://www.narendramodi.in/text-of-pm-s-speech-at-public-meeting-in-barhi-jharkhand
"For Better Tomorrow, our government is working on to solve the current challenges: PM Modi",https://www.narendramodi.in/text-of-pm-s-address-at-the-hindustan-times-leadership-summit
Remarks by PM during DVC with Maldivian President Solih,https://www.narendramodi.in/remarks-by-pm-during-dvc-with-maldivian-president-solih
"BJP Govt will protect Jharkhand’s ‘Jal’, ‘Jungle’, ‘Jameen’: PM Modi in Khunti",https://www.narendramodi.in/text-of-pm-modi-s-speech-at-public-meeting-in-khunti-jharkhand
PM Modi’s remarks at joint press meet with Sri Lankan President,https://www.narendramodi.in/pm-modi-at-joint-press-meet-with-sri-lankan-president-gotabaya-rajapaksa
India has transformed from Nation wants to know to Nation First: PM,https://www.narendramodi.in/text-of-pm-s-address-at-republic-tv-summit
It is our Constitution that binds us all together: PM Modi,https://www.narendramodi.in/text-of-pm-s-address-at-joint-session-of-parliament-on-70th-constitution-day
Important for Jharkhand that a strong and stable BJP government is formed: PM Modi,https://www.narendramodi.in/text-of-pm-modi-s-speech-at-a-public-meeting-in-daltonganj-jharhand
"Our civilization, culture and languages convey the message of unity in diversity to the whole world: PM Modi during Mann Ki Baat",https://www.narendramodi.in/prime-minister-narendra-modi-s-mann-ki-baat-with-the-nation-november-2019
CAG should be a catalyst of good governance: PM Modi,https://www.narendramodi.in/text-of-pm-s-speech-at-conclave-of-accountants-general-deputy-accountants-general
"Whenever it has been about national good, the Rajya Sabha has risen to the occasion: PM",https://www.narendramodi.in/text-of-pm-s-remarks-on-250th-session-of-rajya-sabha
Government is open to discuss all issues in Parliament: PM,https://www.narendramodi.in/text-of-pm-s-statement-to-media-ahead-of-winter-session-of-parliament
Prime Minister's remarks at BRICS Business Forum,https://www.narendramodi.in/prime-minister-s-remarks-at-brics-business-forum
PM Modi’s address to nation following SC verdict on Ayodhya,https://www.narendramodi.in/pms-address-to-the-nation
"Guru Nanak Dev Ji taught about equality, brotherhood and unity in the society: PM",https://www.narendramodi.in/text-of-pm-s-address-at-dera-baba-nanak-in-gurdaspur-punjab
Government is committed to ensure a better future for the residents of Delhi: PM Modi,https://www.narendramodi.in/text-of-pm-s-speech-to-rwa-office-bearers-members-of-unauthorized-colonies-of-delhi
PM highlights the four wheels of development at Rising Himachal Global Investors' Summit,https://www.narendramodi.in/text-of-pm-s-address-at-the-global-investors-meet-2019-in-dharamshala-himachal-pradesh
"There are no failures in science; there are only efforts, experiments and success: PM",https://www.narendramodi.in/text-of-pm-s-address-at-5th-india-international-science-festival-via-video-conferencing
ASEAN is and always will be the heart of our Act East Policy: PM Modi,https://www.narendramodi.in/text-of-pm-s-opening-statement-at-16th-asean-india-summit-in-bangkok
This is the best time to be in India: PM Modi,https://www.narendramodi.in/prime-minister-s-remarks-at-the-aditya-birla-group-golden-jubilee-celebrations
We are developing Northeast India as the gateway to Southeast Asia: PM,https://www.narendramodi.in/text-of-pm-s-speech-at-indian-community-event-in-thailand
PM's Press Statement during the state visit of Chancellor of Germany to India,https://www.narendramodi.in/pm-s-press-statement-during-the-state-visit-of-chancellor-of-germany-to-india
"In order to fulfill the vision of New India, our bureaucracy should have the thinking and approach of 21st century: PM",https://www.narendramodi.in/text-of-pm-s-address-to-civil-service-probationers-in-kevadia
"Unity in diversity is our pride, our identity: Prime Minister Modi",https://www.narendramodi.in/text-of-pm-s-address-at-ekta-diwas-parade-on-birth-anniversary-of-sardar-patel-in-kevadia-gujarat
PM highlights 5 Big Trends for Global Business at Future Investment Initiative Forum in Riyadh!,https://www.narendramodi.in/text-of-pm-s-keynote-address-at-future-investment-initiative-forum-in-riyadh
Society has always played active role in strengthening the country’s unity: PM during Mann Ki Baat,https://www.narendramodi.in/society-has-always-played-active-role-in-strengthening-the-country-s-unity-pm-during-mann-ki-baat
"In the next 5 years, both Maharashtra and Haryana will reach new heights: PM Modi",https://www.narendramodi.in/pm-s-text-of-speech-to-karyakartas-at-bjp-headquarters-in-delhi
Let us make sure that benefits of government's initiatives reach every citizen: PM to Karyakartas,https://www.narendramodi.in/text-of-pm-modi-s-speech-at-interacts-with-bjp-karyakartas-in-varanasi-via-vc
Technology is the bridge to achieve ‘Sabka Saath Sabka Vikas’: PM,https://www.narendramodi.in/text-of-pm-s-address-during-the-release-of-book-bridgital-nation-21-oct-2019
Wrong policies and strategies of Congress destroyed the nation: PM,https://www.narendramodi.in/text-of-pm-modi-s-speech-at-public-meeting-in-ellenabad-haryana
"For us, the country is bigger than the party: PM Modi in Mumbai",https://www.narendramodi.in/text-of-pm-modi-s-speech-at-public-meeting-in-mumbai-on-18th-october-maharashtra
Abrogation of Article 370 is a tribute to our brave Jawans: PM Modi,https://www.narendramodi.in/text-of-pm-modi-s-speech-at-public-meeting-in-hisar-haryana
"Be it Army, Navy or Air Force, modern weapons are a part of our armed forces today: PM",https://www.narendramodi.in/text-of-pm-s-speech-in-public-meeting-in-satara-maharashtra
"Our endeavour is Sabka Saath, Sabka Vikas: PM Modi",https://www.narendramodi.in/text-of-pm-s-speech-at-public-meeting-in-partur-maharashtra
"Congress shedding crocodile tears over Article 370, says PM Modi ",https://www.narendramodi.in/text-of-pm-modi-s-speech-at-public-meeting-in-ballabhgarh-haryana
We took a historic decision on August 5 about which nobody could even think about in the past: PM Modi,https://www.narendramodi.in/text-of-pm-modi-s-speech-at-public-meeting-in-jalgaon-maharashtra
Every festival brings our society together: PM Modi,https://www.narendramodi.in/text-of-pm-s-speech-during-dussehra-celebrations-at-dda-ground-dwarka-in-delhi
"PM Modi and PM Sheikh Hasina of Bangladesh hold bilateral talks, inaugurate development projects",https://www.narendramodi.in/pm-modi-and-bangladesh-pm-launch-various-projects-05-oct-2019
Address of the Prime Minister during the Joint Video Inauguration of Metro Express and ENT Hospital in Mauritius,https://www.narendramodi.in/pm-modi-pm-jugnauth-jointly-inaugurate-phase-1-of-metro-express-new-ent-hospital-in-mauritius-oct-2019
"Inspired by Gandhi Ji's vision, we are building a clean, healthy, prosperous and strong New India: PM",https://www.narendramodi.in/text-of-pm-s-speech-at-the-inauguration-of-swachh-bharat-diwas-2019
Mahatma Gandhi's teachings offer solutions to the problems the world faces today: PM Modi,https://www.narendramodi.in/text-of-pm-modi-s-speech-at-public-meeting-in-ahmedabad-gujarat
Ayushman Bharat is a holistic solution for a healthy India: PM Modi,https://www.narendramodi.in/text-of-pm-s-speech-at-the-valedictory-function-of-arogya-manthan-
"Foundations of 21st century will rest on three crucial pillars of Innovation, Teamwork, Technology: PM",https://www.narendramodi.in/text-of-pm-s-speech-at-the-convocationof-iit-madras
India & Singapore have moved from competition to collaboration: PM Modi,https://www.narendramodi.in/text-of-pm-modi-s-speech-at-singapore-india-hackathon-event-at-iit-chennai
"Today, the world sees India with hope: PM Modi",https://www.narendramodi.in/text-of-pm-modi-s-speech-in-public-meeting-at-chennai-airport
"This festive season, let us share joy and happiness with everyone: PM Modi during 'Mann Ki Baat'",https://www.narendramodi.in/prime-minister-narendra-modi-s-mann-ki-baat-with-the-nation-september-2019
Respect for India on world stage has increased significantly: PM Modi,https://www.narendramodi.in/text-of-pm-modi-s-speech-at-rousing-reception-in-delhi-
Prime Minister's address to the UNGA,https://www.narendramodi.in/prime-minister-s-address-to-the-unga
"If you want to Make in India, for India and for the world, come to India: PM Modi",https://www.narendramodi.in/keynote-address-by-prime-minister-at-bloomberg-global-business-forum-in-new-york
Swachh Bharat mission has benefited the poor and the women most: PM Modi,https://www.narendramodi.in/text-of-pm-modi-s-speech-at-goalkeepers-global-goal-award-2019
Principles of Gandhi ji act as a guide to protect humanity: PM,https://www.narendramodi.in/text-of-pm-s-speech-at-ecosoc-chambers-on-relevance-of-mahatma-gandhi-in-today-s-era
PM’s remarks at Climate Action Summit 2019 during 74th session of UNGA,https://www.narendramodi.in/pm-modi-s-remarks-at-summit-on-climate-change
Answer to Howdy Modi is 'Everything is fine in India': PM,https://www.narendramodi.in/text-of-pm-modi-s-speech-at-indian-community-event-in-houston-texas
"Prime Minister’s Introduction of President of USA at Houston, Texas",https://www.narendramodi.in/prime-minister-s-introduction-of-president-of-usa-at-houston-texas
"The first 100 days of our government at the Centre have been marked by Promise, Performance and Delivery: PM Modi",https://www.narendramodi.in/text-of-pm-modi-s-speech-at-public-meeting-in-nasik-maharashtra
Sardar Patel’s visionary leadership helped to unite India: PM Modi ,https://www.narendramodi.in/text-of-pm-s-address-at-the-public-meeting-in-kevadia-gujarat
We strengthened our anti-terrorist laws within 100 days of government: PM,https://www.narendramodi.in/text-of-pm-s-speech-at-the-inauguration-of-various-development-projects-and-schemes-in-ranchi-jharkhand
India has always inspired the world on environmental protection: PM Modi,https://www.narendramodi.in/text-of-pm-s-speech-at-the-launch-of-national-animal-disease-control-and-nationwide-artificial-insemination-programmes-in-mathura
India takes pride in using remote sensing and other technologies for land restoration: PM Modi,https://www.narendramodi.in/text-of-pm-s-address-at-the-14th-conference-of-parties-of-the-un-convention-to-combat-desertification
The last five years have seen Haryana progress rapidly with the ‘double-engine growth’: PM Modi,https://www.narendramodi.in/text-of-pm-s-speech-at-public-meeting-in-rohtak-haryana
The growing number of women entrepreneurs is a blessing for our society: PM Modi,https://www.narendramodi.in/text-of-pm-s-speech-at-an-interaction-with-women-self-help-groups-in-aurangabad
Launch of key metro projects in Mumbai will greatly enhance ‘Ease of Living’ for people: PM Modi,https://www.narendramodi.in/text-of-pm-s-speech-at-the-inauguration-of-multiple-development-initiatives-in-mumbai-on-07-september-2019
You are exceptional professionals who have made an incredible contribution to national progress: PM to ISRO scientists,https://www.narendramodi.in/text-of-pm-s-address-to-the-nation-from-isro-control-centre
"PM Modi addresses Eastern Economic Forum in Vladivostok, Russia",https://www.narendramodi.in/pm-modi-s-remarks-at-plenary-session-of-5th-eastern-economic-forum-in-vladivostok-russia
PM Modi's remarks at joint press meet with President Putin,https://www.narendramodi.in/pm-modi-russian-president-vladimir-putin-at-a-joint-press-meet
PM Modi inaugurates Garvi Gujarat Bhawan,https://www.narendramodi.in/pm-modi-inaugurates-garvi-gujarat-bhawan-at-new-delhi
PM Modi presents Yoga Awards & launches 10 AYUSH centers,https://www.narendramodi.in/pm-modi-presents-yoga-awards-launches-10-ayush-centers
New India is about the voice of each and every of the 130 crore Indians: PM Modi,https://www.narendramodi.in/text-of-pm-s-address-at-malayala-manorama-news-conclave-2019-
Fitness is not just a word but a pre-condition for healthy and fulfilling life: PM Modi,https://www.narendramodi.in/text-of-pm-s-address-at-the-launch-of-fit-india-movement-
Let us join hands in curbing ‘single use plastic’: PM Modi during Mann Ki Baat,https://www.narendramodi.in/prime-minister-narendra-modi-s-mann-ki-baat-with-the-nation-august-2019
PM Modi conferred 'The King Hamad Order of the Renaissance' during his visit to Bahrain,https://www.narendramodi.in/acceptance-speech-of-prime-minister-on-being-conferred-the-king-hamad-order-of-the-renaissance-during-his-visit-to-bahrain
PM Modi interacts with Indian community in France,https://www.narendramodi.in/pm-modi-interacts-with-indian-community-in-france
PM Modi’s remarks at joint press meet with French President Emmanuel Macron,https://www.narendramodi.in/pm-modi-and-president-macron-at-joint-press-meet
PM Modi’s remarks at joint press meet with Zambian President,https://www.narendramodi.in/pm-modi-zambian-president-edgar-lungu-at-a-joint-press-meet
"We had a great Parliament session, for which I compliment MPs, parties and presiding officers: PM",https://www.narendramodi.in/text-of-pm-s-speech-at-the-inauguration-of-newly-constructed-flats-for-members-of-parliament-
PM Modi addresses students at Royal University of Bhutan,https://www.narendramodi.in/pm-modi-s-interaction-with-students-at-royal-university-of-bhutan
"One nation, one constitution spirit has become a reality now: PM Modi",https://www.narendramodi.in/text-of-prime-minister-shri-narendra-modi-s-address-to-the-nation-from-the-ramparts-of-the-red-fort-on-the-73rd-independence-day
Sushma Ji could even tell the PM what to do: Shri Modi,https://www.narendramodi.in/text-of-pm-s-speech-at-prayer-meeting-in-remembrance-of-late-smt-sushma-swaraj-ji
PM Modi addresses the nation,https://www.narendramodi.in/prime-minister-narendra-modi-s-address-to-the-nation-on-8th-august-2019
Let us all pledge to create a green and environmentally sustainable country: PM,https://www.narendramodi.in/text-of-pm-s-speech-at-the-release-of-tiger-census-report-2018-in-new-delhi-on-29-july-2019-
2019 has been a great year for India’s space missions: PM Modi during Mann Ki Baat,https://www.narendramodi.in/prime-minister-narendra-modi-s-mann-ki-baat-with-the-nation-july-2019
"Kargil victory is a symbol of India's might, determination and capability: PM Modi",https://www.narendramodi.in/text-of-pm-s-speech-at-the-kargil-vijay-diwas-commemorative-function-on-27-july-2019-
PM’s speech at book release on former PM Chandra Shekhar,https://www.narendramodi.in/text-of-pm-s-speech-at-book-release-on-former-pm-chandra-shekhar
Our aim is to build a $5 trillion economy: PM Modi,https://www.narendramodi.in/text-of-pm-s-speech-at-bjp-membership-drive-in-varanasi-uttar-pradesh-
#BudgetForNewIndia is one of hope and will boost India’s development in 21st century: PM Modi,https://www.narendramodi.in/text-of-pm-s-reaction-on-union-budget-2019-2020
"Like Swachhata, let us make water conservation a Jan Andolan: PM Modi during Mann Ki Baat",https://www.narendramodi.in/mann-ki-baat-june-2019
"PM Modi's remarks at RIC Trilateral meeting in Osaka, Japan",https://www.narendramodi.in/prime-minister-s-opening-remarks-at-the-informal-summit-of-russia-india-china-ric-leaders-on-the-margins-of-g-20-summit-2019
PM's remarks at BRICS Leaders' Meeting on the margins of G20 Summit. ,https://www.narendramodi.in/pm-s-remarks-at-brics-leaders-meeting-on-the-margins-of-g20-summit-
PM Modi addresses Indian community in Japan,https://www.narendramodi.in/pm-modi-interacts-with-the-indian-community-in-kobe-japan
Departure Statement of Prime Minister for G 20 Osaka Summit,https://www.narendramodi.in/departure-statement-of-prime-minister-for-g-20-osaka-summit
"English rendering of Prime Minister’s reply to the Motion of thanks on President’s address in the Rajya Sabha on 26 June, 2019",https://www.narendramodi.in/english-rendering-of-prime-minister-s-reply-to-the-motion-of-thanks-on-president-s-address-in-the-rajya-sabha-on-26-june-2019
"Today, we have to live for the nation and build the India our freedom fighters dreamt of: PM Modi",https://www.narendramodi.in/text-of-prime-minister-narendra-modi-s-reply-to-the-motion-of-thanks-on-the-president-s-address-in-the-lok-sabha
Yoga is both ancient and modern. It is constant and evolving: PM Modi,https://www.narendramodi.in/text-of-pm-s-speech-at-the-celebrations-of-5th-international-yoga-day-in-ranchi
PM's Welcome speech on election of Shri Om Birla as Speaker of Lok Sabha,https://www.narendramodi.in/text-of-pm-s-welcome-speech-on-election-of-om-birla-as-speaker-of-lok-sabha-
Forget 'Paksh' and 'Vipaksh'. Think about issues with a ‘Nishpaksh spirit’ and work in the larger interest of the nation: PM,https://www.narendramodi.in/text-of-pm-s-media-statement-at-the-start-of-the-17th-lok-sabha-
PM Modi's remarks at joint press meet with Kyrgyzstan President,https://www.narendramodi.in/pm-modi-s-remarks-at-joint-press-meet-with-kyrgyzstan-president
PM Modi addresses India-Kyrgyzstan Business Forum,https://www.narendramodi.in/ceremonial-welcome-for-pm-modi-in-kyrgyzstan
PM Modi addresses the SCO Summit in Bishkek,https://www.narendramodi.in/pm-modi-addresses-the-sco-summit-in-bishkek
PM Modi addresses Maldives Parliament,https://www.narendramodi.in/pm-modi-addresses-the-maldives-parliament
Remarks by PM Modi at joint press meet with President of Maldives,https://www.narendramodi.in/remarks-by-pm-modi-at-joint-press-meet-with-president-of-maldives
"We are here to serve the people of the country: PM Modi in Guruvayur, Kerala",https://www.narendramodi.in/text-of-pm-modi-s-speech-at-public-meeting-in-guruvayoor-kerala
"BJP relies on its cadre of hard-working, dedicated Karyakartas to reach out to the people: PM Modi",https://www.narendramodi.in/text-of-pm-modi-s-speech-to-bjp-karyakartas-in-varanasi-uttar-pradesh
India has only have two castes - the poor and those that want to remove poverty: PM Modi,https://www.narendramodi.in/text-of-pm-modi-s-speech-at-bjp-headquarters-delhi-
"Since assuming power in 2014, BJP government has been inspired by the values of patriotism, efficient governance and ‘Antyodaya’: PM",https://www.narendramodi.in/text-of-pm-modi-s-speech-at-public-meeting-at-khargone-madhya-pradesh-
Election results of 23rd May will provide a reality check to the arrogant and repressive regime of Mamata Didi: PM Modi,https://www.narendramodi.in/text-of-pm-modi-s-speech-at-public-meeting-in-mathurapur-west-bengal
The choice in these elections is between BJP’s model of inclusive development and Mahamilawat’s model of division: PM Modi,https://www.narendramodi.in/text-of-pm-modi-s-speech-at-public-meeting-in-mau-uttar-pradesh
Entire nation witnessed lawlessness and violence unleashed by TMC hooligans in Kolkata: PM Modi,https://www.narendramodi.in/text-of-pm-modi-s-speech-at-public-meeting-in-basirhat-west-bengal
"Despite ruling the nation for decades, the Congress party treated the tribal communities as a mere vote-bank: PM at Deoghar",https://www.narendramodi.in/text-of-pm-modi-s-speech-at-public-meeting-at-deoghar-jharkhand-
"In contrast to 2014, today, India is the fastest growing major economy in the world: PM Modi in Paliganj, Bihar",https://www.narendramodi.in/text-of-pm-modi-s-speech-at-public-meeting-in-paliganj-bihar
"Thanks to the arrogance of the Congress party, the victims of the gruesome 1984 anti-Sikh riots are still awaiting justice: PM Modi",https://www.narendramodi.in/text-of-pm-modi-s-speech-at-public-meeting-at-chandigarh
"If voted back to power, Congress-RJD will push Bihar back to the days of misery and darkness: PM Modi",https://www.narendramodi.in/text-of-pm-modi-s-speech-at-public-meeting-at-buxar-bihar
Poverty is my only caste: PM Modi,https://www.narendramodi.in/text-of-pm-modi-s-speech-at-public-meeting-in-ballia-uttar-pradesh
Mere lip service of condemnation to the anti-Sikh statements of Congress leaders by the ‘Namdar’ does not heal the victims’ wounds: PM Modi,https://www.narendramodi.in/text-of-pm-modi-s-speech-at-public-meeting-at-bathinda-punjab
Opposition’s election agenda rests upon personal abuses while our election agenda is about making India stronger: PM Modi,https://www.narendramodi.in/text-of-pm-modi-s-speech-at-public-meeting-in-solan-himachal-pradesh
‘Tughlaq Road Chunavi Ghotala’ has revealed corrupt face of the Congress: PM Modi,https://www.narendramodi.in/text-of-pm-modi-s-speech-at-public-meeting-at-ratlam-madhya-pradesh-
Congress has given a free pass to hooligans and anti-social elements: PM Modi,https://www.narendramodi.in/text-of-pm-modi-s-speech-at-public-meeting-at-indore-madhya-pradesh-
"With our mantra of ‘Sabka Saath, Sabka Vikas’ we continuously worked towards enhancing the quality of life of our citizens: PM Modi",https://www.narendramodi.in/text-of-pm-modi-s-speech-at-public-meeting-in-khandwa-madhya-pradesh-
The nation has witnessed rapid development since 2014 which is why people are again voting for a BJP government: PM Modi,https://www.narendramodi.in/text-of-pm-modi-s-speech-at-public-meeting-in-kushinagar-uttar-pradesh
Entire nation suffered greatly due to ‘Mahamilawati’ governments’ ‘Hua Toh Hua’ approach: PM Modi,https://www.narendramodi.in/text-of-pm-modi-s-speech-at-public-meeting-in-ghazipur-uttar-pradesh
BJP-led NDA governments have always demonstrated their paramount commitments to strengthening national security: PM Modi,https://www.narendramodi.in/text-of-pm-modi-s-speech-at-public-meeting-at-robertsganj-uttar-pradesh
Congress shies away from discussing about national security and terrorism due to their votebank politics: PM,https://www.narendramodi.in/text-of-pm-modi-s-speech-at-mandi-himachal-pradesh-10-may-2019
Remarks by Congress’ guru shows its utter arrogance and hatred for the Sikh community: PM Modi,https://www.narendramodi.in/text-of-pm-modi-s-speech-at-public-meeting-at-rohtak-haryana
Infrastructure development under the BJP-led NDA grew at double speed and scale than before: PM Modi,https://www.narendramodi.in/text-of-pm-modi-s-speech-at-public-meeting-in-prayagraj-in-uttar-pradesh
"Since 2014, India has shown the world what it is capable of achieving with an efficient government at its helm: PM Modi",https://www.narendramodi.in/text-of-pm-modi-s-speech-at-public-meeting-at-azamgarh-uttar-pradesh
"TMC goons are looting people’s hard-earned money, indulging in scams and hooliganism: PM Modi",https://www.narendramodi.in/text-of-pm-modi-s-speech-at-public-meeting-at-purulia-west-bengal-
TMC government has soft corners for foreign intruders but shows no respect for own country’s Prime Minister: PM Modi,https://www.narendramodi.in/text-of-pm-modi-s-speech-at-public-meeting-in-bankura-west-bengal
"AAP brought in ‘Nakaampanthi’ in governance in Delhi; they came to change the nation, they changed themselves over time: PM Modi",https://www.narendramodi.in/text-of-pm-modi-s-speech-at-public-meeting-at-ramlila-maidan-delhi
BJP in Haryana is focused on development and ensuring a transparent governance system: PM Modi,https://www.narendramodi.in/text-of-pm-modi-s-speech-at-public-meeting-in-kurukshetra-haryana
No country can emerge as a superpower in the absence of a strong national security policy: PM Modi,https://www.narendramodi.in/text-of-pm-modi-s-speech-at-public-meeting-in-fatehabad-haryana
Transformation of Jharkhand has become a talking point in the country due to BJP’s good governance: PM Modi,https://www.narendramodi.in/text-of-pm-modi-s-speech-at-public-meeting-in-chaibasa-jharkhand
Didi cannot snatch away people’s right to vote in West Bengal: PM Modi,https://www.narendramodi.in/text-of-pm-modi-s-speech-at-public-meeting-in-jhargram-west-bengal
Mamata Didi did not respond to calls to discuss Cyclone Fani: PM Modi,https://www.narendramodi.in/text-of-pm-modi-s-speech-at-public-meeting-in-tamluk-west-bengal
"BJP has been taking strong, bold decisions in the long-term interests of the people: PM Modi",https://www.narendramodi.in/text-of-pm-modi-s-speech-at-public-meeting-in-gwalior-madhya-pradesh-
The Congress and its ‘Mahamilawati’ allies spent decades ruling the country but could not eradicate poverty: PM Modi,https://www.narendramodi.in/text-of-pm-modi-s-speech-at-public-meeting-in-sagar-madhya-pradesh
Congress and RJD have only relied on promoting nepotism and corruption in their governance: PM Modi in Bihar,https://www.narendramodi.in/text-of-pm-modi-s-speech-at-public-meeting-in-valmiki-nagar-bihar
"We want to eradicate poverty, remove caste and other forms of discrimination: Prime Minister Modi",https://www.narendramodi.in/text-of-pm-modi-s-speech-at-public-meeting-in-basti-uttar-pradesh
"Maha Milwat creating rifts within the society, dividing people on the basis of caste and religion: PM Modi",https://www.narendramodi.in/text-of-pm-modi-s-speech-at-public-meeting-in-pratapgarh-uttar-pradesh-
Congress governments have always been ineffective in addressing concerns of people and making their lives easier: PM,https://www.narendramodi.in/text-of-pm-modi-s-speech-at-public-meeting-in-sikar-rajasthan
First Congress mocked our surgical strikes and now are they claiming to have conducted six such strikes during their terms: PM Modi,https://www.narendramodi.in/text-of-pm-modi-s-speech-at-public-meeting-in-hindaun-rajasthan
UN’s listing of Masood Azhar as a global terrorist shows India’s efforts against terrorism: PM Modi,https://www.narendramodi.in/text-of-pm-modi-s-speech-at-public-meeting-in-jaipur-rajasthan
Terrorism remains a great threat to the whole world and needs a strong approach to eliminate it: PM Modi,https://www.narendramodi.in/text-of-pm-modi-s-speech-at-public-meeting-in-hoshangabad-madhya-pradesh
"A strong, stable, transparent and people-centric government is extremely crucial for a growing, aspirational country like India: PM Modi",https://www.narendramodi.in/text-of-pm-modi-s-speech-at-public-meeting-in-bahraich-uttar-pradesh
BJP-led NDA government acts with a ‘zero-tolerance’ policy on terrorism: PM Modi in Muzaffarpur,https://www.narendramodi.in/text-of-pm-modi-s-speech-at-public-meeting-in-muzaffarpur-bihar
"Trinamool Congress believes in ‘Bhaag Karo, Shashon Karo’ (divide and rule) philosophy: PM Modi in Barrackpore",https://www.narendramodi.in/text-of-pm-modi-s-speech-at-public-meeting-in-barrackpore-west-bengal
"Congress wants a weak government they can remote control, says PM Modi in Koderma, Jharkhand",https://www.narendramodi.in/text-of-pm-modi-s-speech-at-public-meeting-in-koderma-jharkhand
Congress’ soft approach towards terrorists and their sympathizers caused great damage to our national security:  PM,https://www.narendramodi.in/text-of-pm-modi-s-speech-at-public-meeting-in-kannauj-uttar-pradesh
Congress’ divisive politics do not have people’s support anymore: Prime Minister Modi in Mumbai,https://www.narendramodi.in/text-of-pm-modi-s-speech-at-public-meeting-in-mumbai-maharashtra
Maha Milawat has lost its ground among the people because of their petty politics: PM Modi,https://www.narendramodi.in/text-of-pm-modi-s-speech-at-public-meeting-in-sidhi-madhya-pradesh-
Congress’ ‘Namdar’ has called a whole community ‘thief’ out of his hatred for Modi: PM,https://www.narendramodi.in/text-of-pm-modi-s-speech-at-public-meeting-in-banda-uttar-pradesh
‘New India’ follows the approach of no-tolerance against corruption and terrorism: PM Modi,https://www.narendramodi.in/text-of-pm-modi-s-speech-at-darbhanga-bihar-25-april-2019
Hooliganism of TMC goons can neither deter resolve of BJP workers nor stop TMC’s impending defeat in Bengal: PM Modi,https://www.narendramodi.in/text-of-pm-modi-s-speech-at-public-meeting-in-bolpur-west-bengal
Opposition have started again with their claims that the EVMs are faulty: PM Modi,https://www.narendramodi.in/text-of-pm-modi-s-speech-at-public-meeting-in-lohardaga-jharkhand
People of West Bengal are all set to give a major jolt to the TMC and its Mahamilawati allies: PM Modi,https://www.narendramodi.in/text-of-pm-modi-s-speech-at-public-meeting-in-asansol-west-bengal
BJP-led NDA has worked tirelessly over the past five years to ensure inclusive and rapid development for all: PM Modi,https://www.narendramodi.in/text-of-pm-modi-s-speech-at-public-meeting-in-kendrapara-odisha-
"Last five years have shown that it is indeed possible to successfully run an honest, transparent government: PM Modi",https://www.narendramodi.in/text-of-pm-modi-s-speech-at-public-meeting-in-udaipur-rajasthan
"NDA has worked to strengthen the national security: PM Modi in Dindori, Maharashtra",https://www.narendramodi.in/text-of-pm-modi-s-speech-at-dindori-maharashtra
"Modi is ready to risk his entire political career but will never let the country down: PM in Chittorgarh, Rajasthan",https://www.narendramodi.in/text-of-pm-modi-s-speech-at-public-meeting-in-chittorgarh-rajasthan
The Mahamilwati parties are rattled seeing the support for the BJP in UP: PM Modi in Bareilly,https://www.narendramodi.in/text-of-pm-modi-s-speech-at-public-meeting-in-bareilly-gujarat
Congress-led government did nothing after the dastardly 26/11 terrorist attacks in Mumbai: PM Modi in Bihar,https://www.narendramodi.in/text-of-pm-modi-s-speech-at-public-meeting-in-araria-bihar-
"‘Speed-Breaker Didi’ totally deceived the people and their aspirations in the name of ‘Maa, Maati, Maanush’: PM Modi",https://www.narendramodi.in/text-of-pm-modi-s-speech-at-public-meeting-in-buniadpur-west-bengal-
Everybody has seen how the UDF and LDF are threatening the traditions and religious practices of the people in Kerala: PM Modi,https://www.narendramodi.in/text-of-pm-modi-s-speech-at-public-meeting-in-thiruvananthapuram-kerala
'Nataka' in Karnataka is full of emotions and revenge: PM Modi,https://www.narendramodi.in/text-of-pm-modi-s-speech-at-public-meeting-in-bagalkot-karnataka-
Only vote-bank politics matter for Congress and JD(S): PM Modi,https://www.narendramodi.in/text-of-pm-modi-s-speech-at-public-meeting-in-chikodi-karnataka-
"Whenever Congress comes to power, both inflation and corruption soar in the country: PM Modi",https://www.narendramodi.in/text-of-pm-modi-s-speech-at-public-meeting-in-anand-gujarat
Maharashtra has decided to keep the ‘double-engine of growth’ going by supporting the BJP in these elections: PM Modi,https://www.narendramodi.in/text-of-pm-modi-s-speech-at-public-meeting-in-madha-maharashtra-
Opposition parties have no vision to take the country forward: PM Modi,https://www.narendramodi.in/text-of-pm-modi-s-speech-at-public-meeting-in-sambalpur-odisha-
Congress is giving a free run to the perpetrators of violence in Chhattisgarh: PM Modi,https://www.narendramodi.in/text-of-pm-modi-s-speech-at-public-meeting-in-korba-chhattisgarh-
Convinced that the people of UP will support us wholeheartedly in these elections: PM Modi,https://www.narendramodi.in/text-of-pm-modi-s-speech-at-public-meeting-in-moradabad-uttar-pradesh
"The alliance of Congress, PDP and NC in J&K is one of opportunism and hunger for power: PM Modi",https://www.narendramodi.in/text-of-pm-modi-s-speech-at-public-meeting-in-kathua-jammu-and-kashmir
"Opposition believes in ‘Vanshoday’ while we believe in ‘Antyodaya’: PM Modi in Mangaluru, Karnataka",https://www.narendramodi.in/pm-modi-addresses-public-meeting-at-bengaluru-karnataka
These elections are about electing a government that puts ‘nation first’ or a government that puts ‘family first’: PM Modi,https://www.narendramodi.in/text-of-pm-modi-s-speech-at-public-meeting-in-gangavathi-karnataka-
Lok Sabha elections will be crucial in deciding whether an honest ‘Chowkidar’ will prevail or a corrupt ‘Namdar’: PM in Ahmednagar,https://www.narendramodi.in/text-of-pm-modi-s-speech-at-public-meeting-in-ahmednagar-maharashtra-
Subsequent Congress governments in the past hindered the North-East’s development: PM Modi in Assam,https://www.narendramodi.in/text-of-pm-modi-s-speech-at-public-meeting-in-mangaldoi-assam
Bihar’s politics has become ‘people-centric’ since NDA assumed power in the state and centre: PM Modi in Bhagalpur,https://www.narendramodi.in/text-of-pm-modi-s-speech-at-public-meeting-in-bhagalpur-bihar
Congress and its allies want to form a weak and unstable government: PM Modi,https://www.narendramodi.in/text-of-pm-modi-s-speech-at-public-meeting-in-panaji-goa-
Tuglak Road Chunavi Ghotala is the latest scam from Congress' stable: PM Modi,https://www.narendramodi.in/text-of-pm-modi-s-speech-at-public-meeting-in-junagadh-gujarat
Upcoming elections are about electing a strong government that puts the welfare of its people first: PM Modi,https://www.narendramodi.in/text-of-pm-modi-s-speech-at-public-meeting-in-chitradurga-karnataka
Unfortunate that the Congress manifesto and Pakistan speak in the same tone when it comes to Kashmir: PM Modi,https://www.narendramodi.in/text-of-pm-modi-s-speech-at-public-meeting-in-latur-maharashtra-
"Our 'Sankalp Patra' revolves around three key points - 'Rashtravaad', 'Antyodaya' and 'Sushaasan': PM Modi",https://www.narendramodi.in/text-of-pm-modi-s-speech-at-bjp-releases-sankalp-patra-for-lok-sabha-elections-2019-
Time for people of Manipur to show red card to Congress for its fouls: PM Modi,https://www.narendramodi.in/text-of-pm-modi-s-speech-in-public-meeting-at-imphal-manipur-7april-2019
We have destroyed the ecosystem of corruption comprising of middlemen: PM Modi in Tripura,https://www.narendramodi.in/text-of-pm-modi-s-speech-in-public-meeting-at-udaipur-tripura
People of Bengal have decided to give a clear defeat to the opportunistic politics of Didi: PM Modi,https://www.narendramodi.in/text-of-pm-modi-s-speech-at-public-meeting-in-cooch-behar-west-bengal-
"We have a clear vision of building a ‘New India’, a country that is strong, transparent and provides equal opportunities for all: PM",https://www.narendramodi.in/text-of-pm-modi-s-speech-at-public-meeting-in-nanded-maharashtra
"Upcoming elections will decide whether development will win or dynasty: PM Modi in Balod, Chhattisgrh",https://www.narendramodi.in/text-of-pm-modi-s-speech-at-public-meeting-in-balod-chhattisgarh
Congress and BJD see poor as their votebank: PM Modi,https://www.narendramodi.in/text-of-pm-modi-s-speech-at-public-meeting-in-sundargarh-odisha
Congress puts corruption on accelerator and development on ventilator: PM,https://www.narendramodi.in/text-of-pm-modi-s-speech-at-public-meeting-in-dehradun-uttarakhand
"We are moving forward with our vision of ‘Sabka Saath, Sabka Vikas’ and will continue to put people’s welfare first: PM Modi",https://www.narendramodi.in/text-of-pm-modi-s-speech-at-public-meeting-in-amroha-uttar-pradesh
Congress ‘Dhakosala-Patra’ is a manifesto for Pakistan’s propaganda: PM Modi,https://www.narendramodi.in/text-of-pm-modi-s-speech-at-public-meeting-in-gondia-maharashtra
"'Speed-breaker' Didi is hindering rapid, inclusive development in West Bengal: PM Modi",https://www.narendramodi.in/text-of-pm-modi-s-speech-at-public-meeting-in-kolkata-west-bengal
'Speed-breaker' Didi is hindrance to West Bengal's development: PM Modi,https://www.narendramodi.in/text-of-pm-modi-s-speech-at-public-meeting-in-siliguri-west-bengal
People know well the difference between falsehood of Congress and honest efforts of the BJP: PM Modi ,https://www.narendramodi.in/text-of-pm-modi-s-speech-at-pasighat-arunachal-pradesh-
Shameful for 'Maha Milawat' to question our armed forces after air strikes in Pakistan's Balakot: PM Modi,https://www.narendramodi.in/text-of-pm-modi-s-speech-at-public-meeting-in-gaya-bihar
"Only two kinds of people dislike the ‘Chowkidar’: One, the ‘Maha-milawati’ gang and two, terror sympathizers: PM Modi",https://www.narendramodi.in/text-of-pm-modi-s-speech-at-public-meeting-in-jamui-bihar
BJD and Congress have always considered the poor their vote-bank: PM Modi,https://www.narendramodi.in/text-of-pm-modi-s-speech-at-kalahandi-odisha
"With the vision of ‘Sabka Saath, Sabka Vikas’, we are making all efforts to ensure equitable development for all: PM",https://www.narendramodi.in/text-of-pm-modi-s-speech-at-public-meeting-in-secunderabad-telangana-
Congress-NCP alliance is formed not to serve people of Maharashtra but to serve dynasts: PM,https://www.narendramodi.in/text-of-pm-modi-s-speech-at-public-meeting-in-wardha-maharashtra
Being a ‘Chowkidar’ is a spirit to work towards the betterment of society: PM Modi,https://www.narendramodi.in/text-of-pm-modi-s-speech-at-interaction-with-people-across
"The choice in the upcoming elections is between a decisive government or a dynastic government: PM Modi in Gohpur, Assam",https://www.narendramodi.in/text-of-pm-modi-s-speech-at-public-meeting-in-gohpur
North-East has witnessed record development under the NDA: PM Modi in Assam,https://www.narendramodi.in/text-of-pm-modi-s-speech-at-public-meeting-in-moran
"‘Suraksha’, ‘Samriddhi’ and ‘Samman’ are the guiding principles of our development model: PM",https://www.narendramodi.in/text-of-pm-modi-s-speech-at-mahbubnagar-telangana
Strong Odisha will strengthen eastern India which will further promote a stronger India: PM in Koraput,https://www.narendramodi.in/text-of-pm-modi-s-speech-at-public-meeting-in-koraput-odisha
Any attempt by harbingers of terrorism towards harming India’s national security will come at heavy costs: PM,https://www.narendramodi.in/text-of-pm-modi-s-speech-at-public-meeting-in-jammu
Congress' culture of corruption responsible for delay in defence procurements: PM Modi in Rudrapur,https://www.narendramodi.in/text-of-pm-modi-s-speech-at-public-meeting-in-rudrapur-uttarakhand
People of this country will never be fooled by those shedding crocodile tears on their poverty: PM Modi,https://www.narendramodi.in/text-of-pm-modi-s-speech-at-meerut-uttar-pradesh-
India stands tall as a space power: PM Narendra Modi,https://www.narendramodi.in/india-stands-tall-as-a-space-power-pm-narendra-modi
"Today, every Indian is saying - 'Main Bhi Chowkidar': PM Modi",https://www.narendramodi.in/text-of-pm-s-speech-at-interaction-with-security-guards-across-the-country-on-radio
Projects launched between India & Bangladesh represent commitment of both countries towards enhancing quality of life for the citizens: PM,https://www.narendramodi.in/pm-modi-and-pm-sheikh-hasina-launch-bus-service-via-video-conferencing-in-bangladesh
CISF plays an important role in fulfilling dreams & aspirations of New India: PM Modi,https://www.narendramodi.in/text-of-pm-s-speech-at-the-50th-raising-day-celebrations-of-the-cisf-
Government is committed towards providing air connectivity to smaller cities through UDAN Yojana: PM,https://www.narendramodi.in/text-of-pm-s-address-at-the-launch-of-various-development-projects-at-noida-uttar-pradesh-
"By 2022, every single family in the country will have a house: PM Modi",https://www.narendramodi.in/text-of-pm-s-address-at-unveiling-of-various-development-projects-at-kanpur-up-
"With the blessings of Bhole Baba, the dream of Kashi Vishwanath Dham has come true: PM Modi",https://www.narendramodi.in/text-of-pm-s-speech-at-kashi-vishwanath-temple-in-varanasi-uttar-pradesh-
"PM lays foundation stone of Integrated Command and Control Centres in Sikkim, Arunachal Pradesh and Tripura",https://www.narendramodi.in/pm-modi-inaugurates-command-control-centres-for-smart-cities-in-northeast
"India has a rich tradition of communities taking lead, to solve the challenges faced by an era: PM",https://www.narendramodi.in/text-of-pm-s-speech-at-foundation-stone-laying-ceremony-of-shikshan-bhavan-vidyarthi-bhavan-in-adalaj-
Won't spare those who sponsor terrorism: PM Modi,https://www.narendramodi.in/text-of-pm-s-speech-at-inauguration-of-new-civil-cancer-eye-hospitals-in-ahmedabad-
Let us create a society where there is no discrimination based on gender: PM Modi,https://www.narendramodi.in/text-of-pm-s-speech-at-foundation-stone-laying-ceremony-of-vishwa-umiyadham-temple-complex-in-jaspur-
The entire nation agrees that the menace of terror has to be eliminated: PM Modi,https://www.narendramodi.in/text-of-pm-s-speech-at-dedication-of-guru-gobind-singh-hospital-to-the-nation-in-jamnagar
"Implementation of schemes such as PM Awas Yojana, Ujjwala Yojana, Saubhagya Yojana in Amethi is ensuring ‘Ease of Living’: PM",https://www.narendramodi.in/text-of-pm-s-address-at-the-unveiling-of-various-development-projects-in-amethi-up
"Today, India has emerged as the world’s third biggest startup nation: PM Modi",https://www.narendramodi.in/text-of-the-pm-s-opening-remarks-on-the-occasion-of-his-interaction-with-students-at-smart-india-hackathon-via-video-conference-
India is today removing poverty at a rapid rate and has become the fastest growing large economy: PM,https://www.narendramodi.in/text-of-pm-s-address-at-the-india-today-conclave-2019
It is my dream that every Indian has a Pukka house by 2022: PM Modi,https://www.narendramodi.in/text-of-pm-s-speech-at-the-inauguration-of-construction-technology-india-2019-in-new-delhi
Our government is working tirelessly to accelerate development and opportunities for all sections of society in Andhra Pradesh: PM,https://www.narendramodi.in/text-of-pm-s-address-at-public-meeting-in-visakhapatnam-andhra-pradesh
Our scientific institutions should align with future requirements and try to find solutions for local problems: PM,https://www.narendramodi.in/text-of-pm-s-address-at-presentation-of-shanti-swarup-bhatnagar-prizes-
"India will live as one, work as one, grow as one, fight as one, win as one: PM Modi",https://www.narendramodi.in/text-of-pm-modi-s-speech-at-interaction-with-volunteers-supporters-party-karyakartas-from-across-the-country
Words one speak may or may not be impressive but it should definitely be inspiring: PM Modi,https://www.narendramodi.in/text-of-pm-s-speech-at-the-national-youth-parliament-festival-awards-function
"Gita teaches us harmony and brotherhood, says PM Modi",https://www.narendramodi.in/text-of-pm-s-speech-at-unveiling-ceremony-of-world-s-largest-bhagavad-gita
Freedom struggle became a mass movement due to the visionary efforts of Mahatma Gandhi: PM,https://www.narendramodi.in/text-of-pm-s-speech-at-gandhi-peace-prize-presentation-ceremony-at-rashtrapati-bhawan-new-delhi-
India is the fastest growing major economy: PM Modi,https://www.narendramodi.in/text-of-pm-s-address-at-the-rising-india-summit-
"Our soldiers have been the first line of defence, both against enemies, and against natural disasters: PM Modi",https://www.narendramodi.in/text-of-pm-s-address-at-the-inauguration-of-national-war-memorial-new-delhi-
India is making rapid strides towards becoming an open defecation free nation: PM Modi,https://www.narendramodi.in/india-is-making-rapid-strides-towards-becoming-an-open-defecation-free-nation-pm-modi
PM-KISAN scheme will give wings to the aspirations of crores of hardworking farmers of India who feed our nation: PM,https://www.narendramodi.in/text-of-pm-s-address-at-the-launch-of-pm-kisan-scheme-and-other-initiatives-in-gorakhpur-uttar-pradesh-
Martyrdom of our brave Jawans strengthens our resolve to combat terrorism: PM during Mann Ki Baat,https://www.narendramodi.in/martyrdom-of-our-brave-jawans-strengthens-our-resolve-to-combat-terrorism-pm-during-mann-ki-baat
India’s parliamentary elections are the “kumbh of democracy”: PM Modi,https://www.narendramodi.in/text-of-pm-s-address-at-the-kumbh-global-participation-event-
Today change is clearly visible: PM Modi at ET Global Business Summit,https://www.narendramodi.in/text-of-pm-s-address-at-the-economic-times-global-business-summit-
Indian community all over the world are the country’s ‘Rashtradoots’: PM Modi,https://www.narendramodi.in/text-of-pm-s-address-at-indian-community-event-in-south-korea-
PM Modi addresses India - Republic of Korea Business Symposium,https://www.narendramodi.in/pm-modi-addresses-india-republic-of-korea-business-symposium
PM Modi’s remarks at joint press meet with Crown Prince of Saudi Arabia,https://www.narendramodi.in/pm-modi-crown-prince-of-saudi-arabia-mohammad-bin-salman-at-a-joint-press-meet
